policy,avg_aoi,total_energy_Wh
RR,437.3702058116415,57.441024295265414
MAF,437.3702058116415,57.441024295265414
AWN,192.95416748744418,59.95094820183946
