policy,avg_aoi,total_energy_Wh
RR,437.38050374333176,57.442121024990435
MAF,437.38050374333176,57.442121024990435
AWN,192.96903035876113,59.9546496646614
