policy,avg_aoi,total_energy_Wh
RR,432.53215599237404,58.56336850163767
MAF,432.53215599237404,58.56336850163767
AWN,161.66301874978095,59.509040489415874
