alpha,avg_aoi,energy_norm,beta,gamma
0.0,194.84411898419117,0.9929501300588857,0.8,1.6
1.0,192.9521675172114,0.9991741687909409,1.6,0.6000000000000001
