policy,avg_aoi,total_energy_Wh
RR,437.3683471871723,57.440826351759505
MAF,437.3683471871723,57.440826351759505
AWN,192.10868985638228,59.96831783889058
