policy,avg_aoi,total_energy_Wh
RR,437.3869451840203,57.44280703842376
MAF,437.3869451840203,57.44280703842376
AWN,172.01652483704873,59.04506191170674
