policy,avg_aoi,total_energy_Wh
RR,437.39047986816564,33.090362827359904
MAF,437.39047986816564,33.090362827359904
AWN,172.02176677363616,34.03950493871625
