policy,avg_aoi,total_energy_Wh
RR,437.3851412280629,57.442614917114305
MAF,437.3851412280629,57.442614917114305
AWN,192.97572358035782,59.95631655057944
