policy,avg_aoi,total_energy_Wh
RR,437.38049356512533,57.442119941011434
MAF,437.38049356512533,57.442119941011434
AWN,192.96901566868735,59.954646006232295
